{
    "name": "Cetra",
    "baseRadius": 500.0,
    "surfaceGravity": 9.8100004196167,
    "amplitude": 30.0,
    "frequency": 2.0,
    "octaves": 5,
    "lacunarity": 2.0,
    "gain": 0.550000011920929,
    "seed": 1,
    "craters": [
        {
            "enabled": true,
            "seed": 7777,
            "octaves": 5,
            "largestRadius": 110.0,
            "density": 0.550000011920929,
            "depthRatio": 0.20000000298023225,
            "rimRatio": 0.30000001192092898,
            "rimSharpness": 2.0,
            "dominant": false,
            "dominantDir": {
                "x": 0.30000001192092898,
                "y": 1.0,
                "z": 0.20000000298023225
            },
            "dominantRadius": 230.0
        }
    ],
    "soilMean": {
        "r": 0.5199999809265137,
        "g": 0.33000001311302187,
        "b": 0.2199999988079071,
        "a": 1.0
    },
    "mariaColor": {
        "r": 0.4000000059604645,
        "g": 0.25999999046325686,
        "b": 0.18000000715255738,
        "a": 1.0
    },
    "mariaScale": 2.200000047683716,
    "mariaStrength": 0.574999988079071
}
