{
    "name": "Luna6",
    "baseRadius": 500.0,
    "surfaceGravity": 9.8100004196167,
    "amplitude": 9.681818008422852,
    "frequency": 2.0999999046325685,
    "octaves": 4,
    "lacunarity": 2.0,
    "gain": 0.5,
    "seed": 1,
    "processes": [
        {
            "type": 0,
            "enabled": true,
            "seed": 4905,
            "octaves": 7,
            "largestRadius": 127.7272720336914,
            "density": 0.8530303239822388,
            "depthRatio": 0.2818181812763214,
            "rimRatio": 0.5204545855522156,
            "rimSharpness": 4.0,
            "wLarge": 1.0,
            "wMedium": 0.7803030014038086,
            "wSmall": 0.8030303120613098,
            "distribution": 0.8712121248245239,
            "bigCraters": false,
            "dominant": false,
            "dominantDir": {
                "x": 0.30000001192092898,
                "y": 1.0,
                "z": 0.20000000298023225
            },
            "dominantRadius": 230.0,
            "domDepthRatio": 0.20000000298023225,
            "domRimRatio": 0.30000001192092898,
            "domRimSharp": 2.0,
            "domIrregular": 0.0,
            "domIrregScale": 6.0,
            "plateCount": 8,
            "continentalFraction": 0.4000000059604645,
            "elevationContrast": 60.0,
            "boundaryUplift": 40.0,
            "boundaryWidth": 0.07999999821186066,
            "tectonicWarp": 0.44999998807907107,
            "coastSlope": 0.5,
            "continentalRelief": 18.0,
            "riftBalance": 0.550000011920929,
            "seaLevel": 0.0,
            "seaColor": {
                "r": 0.12999999523162843,
                "g": 0.33000001311302187,
                "b": 0.5199999809265137,
                "a": 1.0
            },
            "seaSaturation": 1.0,
            "seaRoughness": 0.0,
            "seaRoughScale": 3.0,
            "seaForma": 0.0,
            "liquid": false,
            "seaClear": false,
            "seaClarity": 8.0
        },
        {
            "type": 1,
            "enabled": true,
            "seed": 7777,
            "octaves": 5,
            "largestRadius": 110.0,
            "density": 0.550000011920929,
            "depthRatio": 0.20000000298023225,
            "rimRatio": 0.30000001192092898,
            "rimSharpness": 2.0,
            "wLarge": 1.0,
            "wMedium": 1.0,
            "wSmall": 1.0,
            "distribution": 0.0,
            "bigCraters": false,
            "dominant": false,
            "dominantDir": {
                "x": 0.30000001192092898,
                "y": 1.0,
                "z": 0.20000000298023225
            },
            "dominantRadius": 230.0,
            "domDepthRatio": 0.20000000298023225,
            "domRimRatio": 0.30000001192092898,
            "domRimSharp": 2.0,
            "domIrregular": 0.0,
            "domIrregScale": 6.0,
            "plateCount": 8,
            "continentalFraction": 0.4000000059604645,
            "elevationContrast": 60.0,
            "boundaryUplift": 40.0,
            "boundaryWidth": 0.07999999821186066,
            "tectonicWarp": 0.44999998807907107,
            "coastSlope": 0.5,
            "continentalRelief": 18.0,
            "riftBalance": 0.550000011920929,
            "seaLevel": 0.0,
            "seaColor": {
                "r": 0.2587878704071045,
                "g": 0.26181820034980776,
                "b": 0.24727271497249604,
                "a": 1.0
            },
            "seaSaturation": 0.8181818127632141,
            "seaRoughness": 3.0303030014038088,
            "seaRoughScale": 3.848484754562378,
            "seaForma": 0.0,
            "liquid": false,
            "seaClear": false,
            "seaClarity": 8.0
        }
    ],
    "soilMean": {
        "r": 0.4399999976158142,
        "g": 0.4399999976158142,
        "b": 0.44999998807907107,
        "a": 1.0
    },
    "mariaColor": {
        "r": 0.5199999809265137,
        "g": 0.5199999809265137,
        "b": 0.5600000023841858,
        "a": 1.0
    },
    "mariaScale": 2.200000047683716,
    "mariaStrength": 0.699999988079071,
    "soilTexture": "soil_dirt",
    "saturation": 1.0,
    "craters": [],
    "seaEnabled": false,
    "seaLevel": 0.0,
    "seaColor": {
        "r": 0.12999999523162843,
        "g": 0.33000001311302187,
        "b": 0.5199999809265137,
        "a": 1.0
    }
}