{
    "name": "Valentina2",
    "baseRadius": 500.0,
    "surfaceGravity": 9.8100004196167,
    "amplitude": 129.72972106933595,
    "frequency": 0.5,
    "octaves": 8,
    "lacunarity": 2.0,
    "gain": 0.6108108162879944,
    "seed": 1,
    "processes": [
        {
            "type": 2,
            "enabled": true,
            "seed": 4609,
            "octaves": 5,
            "largestRadius": 110.0,
            "density": 0.550000011920929,
            "depthRatio": 0.20000000298023225,
            "rimRatio": 0.30000001192092898,
            "rimSharpness": 2.0,
            "wLarge": 1.0,
            "wMedium": 1.0,
            "wSmall": 1.0,
            "distribution": 0.0,
            "bigCraters": false,
            "dominant": false,
            "dominantDir": {
                "x": 0.30000001192092898,
                "y": 1.0,
                "z": 0.20000000298023225
            },
            "dominantRadius": 230.0,
            "domDepthRatio": 0.20000000298023225,
            "domRimRatio": 0.30000001192092898,
            "domRimSharp": 2.0,
            "domIrregular": 0.0,
            "domIrregScale": 6.0,
            "plateCount": 8,
            "continentalFraction": 0.104545459151268,
            "elevationContrast": 22.121213912963868,
            "boundaryUplift": 42.04545593261719,
            "boundaryWidth": 0.14787878096103669,
            "tectonicWarp": 0.2757575511932373,
            "coastSlope": 1.0,
            "continentalRelief": 16.787878036499025,
            "riftBalance": 1.0,
            "seaLevel": 0.0,
            "seaColor": {
                "r": 0.12999999523162843,
                "g": 0.33000001311302187,
                "b": 0.5199999809265137,
                "a": 1.0
            },
            "seaSaturation": 1.0,
            "seaRoughness": 0.0,
            "seaRoughScale": 3.0,
            "seaForma": 0.0,
            "liquid": false,
            "seaClear": false,
            "seaClarity": 8.0
        },
        {
            "type": 1,
            "enabled": true,
            "seed": 7777,
            "octaves": 5,
            "largestRadius": 110.0,
            "density": 0.550000011920929,
            "depthRatio": 0.20000000298023225,
            "rimRatio": 0.30000001192092898,
            "rimSharpness": 2.0,
            "wLarge": 1.0,
            "wMedium": 1.0,
            "wSmall": 1.0,
            "distribution": 0.0,
            "bigCraters": false,
            "dominant": false,
            "dominantDir": {
                "x": 0.30000001192092898,
                "y": 1.0,
                "z": 0.20000000298023225
            },
            "dominantRadius": 230.0,
            "domDepthRatio": 0.20000000298023225,
            "domRimRatio": 0.30000001192092898,
            "domRimSharp": 2.0,
            "domIrregular": 0.0,
            "domIrregScale": 6.0,
            "plateCount": 8,
            "continentalFraction": 0.4000000059604645,
            "elevationContrast": 60.0,
            "boundaryUplift": 40.0,
            "boundaryWidth": 0.07999999821186066,
            "tectonicWarp": 0.44999998807907107,
            "coastSlope": 0.5,
            "continentalRelief": 18.0,
            "riftBalance": 0.550000011920929,
            "seaLevel": 3.931203842163086,
            "seaColor": {
                "r": 0.0,
                "g": 0.367878794670105,
                "b": 0.663939356803894,
                "a": 1.0
            },
            "seaSaturation": 1.0,
            "seaRoughness": 16.969697952270509,
            "seaRoughScale": 3.060606002807617,
            "seaForma": -0.01515151560306549,
            "liquid": true,
            "seaClear": true,
            "seaClarity": 8.0
        },
        {
            "type": 0,
            "enabled": true,
            "seed": 4095,
            "octaves": 7,
            "largestRadius": 296.5909118652344,
            "density": 1.0,
            "depthRatio": 0.40454545617103579,
            "rimRatio": 0.48257577419281008,
            "rimSharpness": 1.1590908765792847,
            "wLarge": 1.0,
            "wMedium": 1.0,
            "wSmall": 1.0,
            "distribution": 0.7878788113594055,
            "bigCraters": false,
            "dominant": true,
            "dominantDir": {
                "x": 0.30000001192092898,
                "y": 1.0,
                "z": 0.20000000298023225
            },
            "dominantRadius": 199.31817626953126,
            "domDepthRatio": 0.41090908646583559,
            "domRimRatio": 0.5181818008422852,
            "domRimSharp": 4.0,
            "domIrregular": 0.1666666716337204,
            "domIrregScale": 6.0,
            "plateCount": 8,
            "continentalFraction": 0.4000000059604645,
            "elevationContrast": 60.0,
            "boundaryUplift": 40.0,
            "boundaryWidth": 0.07999999821186066,
            "tectonicWarp": 0.44999998807907107,
            "coastSlope": 0.5,
            "continentalRelief": 18.0,
            "riftBalance": 0.550000011920929,
            "seaLevel": 0.0,
            "seaColor": {
                "r": 0.12999999523162843,
                "g": 0.33000001311302187,
                "b": 0.5199999809265137,
                "a": 1.0
            },
            "seaSaturation": 1.0,
            "seaRoughness": 0.0,
            "seaRoughScale": 3.0,
            "seaForma": 0.0,
            "liquid": false,
            "seaClear": false,
            "seaClarity": 8.0
        }
    ],
    "soilMean": {
        "r": 0.4399999976158142,
        "g": 0.4399999976158142,
        "b": 0.44999998807907107,
        "a": 1.0
    },
    "mariaColor": {
        "r": 0.5,
        "g": 0.5,
        "b": 0.550000011920929,
        "a": 1.0
    },
    "mariaScale": 2.200000047683716,
    "mariaStrength": 0.699999988079071,
    "soilTexture": "soil_rock",
    "saturation": 1.0,
    "craters": [],
    "seaEnabled": false,
    "seaLevel": 0.0,
    "seaColor": {
        "r": 0.12999999523162843,
        "g": 0.33000001311302187,
        "b": 0.5199999809265137,
        "a": 1.0
    }
}